gov_short,Ev.Comp.,Hardware,Knowledge,ML,NLP,Planning,Speech,Vision
DoD,0.002564833285836421,0.140210886292391,0.4189227700199487,0.11798233114847535,0.00968937019093759,0.1188372755770875,0.015104018238814477,0.17668851524650897
DoE,0.005625879043600563,0.11673699015471167,0.4345991561181435,0.10056258790436005,0.0007032348804500703,0.1617440225035162,0.012658227848101266,0.16736990154711673
HHS,0.008560311284046693,0.01906614785992218,0.3926070038910506,0.19844357976653695,0.0019455252918287938,0.04669260700389105,0.005058365758754864,0.3276264591439689
NASA,0.005390835579514825,0.07816711590296496,0.46630727762803237,0.09703504043126684,0.0026954177897574125,0.16442048517520216,0.005390835579514825,0.18059299191374664
NSF,0.005943536404160475,0.10772659732540862,0.44947994056463597,0.11292719167904904,0.005943536404160475,0.10475482912332838,0.009658246656760773,0.20356612184249628
None,0.0016893043550720796,0.11835735983697834,0.32113600036361706,0.036211716045361234,0.015302218821729151,0.3220359526388752,0.027410667616111266,0.15785678032225564
Other,0.008888888888888889,0.0725925925925926,0.46370370370370373,0.08888888888888889,0.008888888888888889,0.15703703703703703,0.013333333333333334,0.18666666666666668
USGov,0.004173622704507512,0.08764607679465776,0.44156928213689484,0.11185308848080133,0.00667779632721202,0.1343906510851419,0.01335559265442404,0.2003338898163606
